Category,Item,Ability Level,Reference,Notes
Name,,,,
Contact,,,,
Social,,,,
Social,,,,
Keys/Fingerprint,,,,
Skill,,,,
Skill,,,,
Skill,,,,
Skill,,,,
Skill,,,,
Concepts/Technologies,,,,
Concepts/Technologies,,,,
Concepts/Technologies,,,,
Concepts/Technologies,,,,
Concepts/Technologies,,,,
Concepts/Technologies,,,,
Concepts/Technologies,,,,
Concepts/Technologies,,,,
Programming Languages,,,,
Programming Languages,,,,
Programming Languages,,,,
Programming Languages,,,,
Accomplishments,,,,
Accomplishments,,,,
Accomplishments,,,,
Accomplishments,,,,
Accomplishments,,,,
Notes,,,,